{
    "data":[{
        "a1":"120521",
        "a2":"2018-09-04 13:44:00",
        "a3":"江苏省",
        "a4":"www.rugaofabu.com",
        "a5":"www.rugaofabu.com/uc_client/data/cache/php.php?act=assert",
        "a6":"正在处置",
        "a7":"如皋市广播电视台",
        "a8":"webshell"
    },{
        "a1":"120521",
        "a2":"2018-09-04 13:44:00",
        "a3":"江苏省",
        "a4":"www.rugaofabu.com",
        "a5":"www.rugaofabu.com/uc_client/data/cache/php.php?act=assert",
        "a6":"正在处置",
        "a7":"如皋市广播电视台",
        "a8":"webshell"
    },{
        "a1":"120521",
        "a2":"2018-09-04 13:44:00",
        "a3":"江苏省",
        "a4":"www.rugaofabu.com",
        "a5":"www.rugaofabu.com/uc_client/data/cache/php.php?act=assert",
        "a6":"正在处置",
        "a7":"如皋市广播电视台",
        "a8":"webshell"
    }],
    "draw": 1,
    "recordsTotal": 30,
    "recordsFiltered": 30
}